,ROC_AUC,PR_AUC
Logistic,0.6826482930092683,0.20449360616554557
SGD_LogLoss,0.6704524071384463,0.18810123778692653
